cntry,nuts1,nuts2,nuts3
AT,AT1,AT11,AT111
AT,AT1,AT11,AT112
AT,AT1,AT11,AT113
AT,AT1,AT12,AT121
AT,AT1,AT12,AT122
AT,AT1,AT12,AT123
AT,AT1,AT12,AT124
AT,AT1,AT12,AT125
AT,AT1,AT12,AT126
AT,AT1,AT12,AT127
AT,AT1,AT13,AT130
AT,AT2,AT21,AT211
AT,AT2,AT21,AT212
AT,AT2,AT21,AT213
AT,AT2,AT22,AT221
AT,AT2,AT22,AT222
AT,AT2,AT22,AT223
AT,AT2,AT22,AT224
AT,AT2,AT22,AT225
AT,AT2,AT22,AT226
AT,AT3,AT31,AT311
AT,AT3,AT31,AT312
AT,AT3,AT31,AT313
AT,AT3,AT31,AT314
AT,AT3,AT31,AT315
AT,AT3,AT32,AT321
AT,AT3,AT32,AT322
AT,AT3,AT32,AT323
AT,AT3,AT33,AT331
AT,AT3,AT33,AT332
AT,AT3,AT33,AT333
AT,AT3,AT33,AT334
AT,AT3,AT33,AT335
AT,AT3,AT34,AT341
AT,AT3,AT34,AT342
BE,BE1,BE10,BE100
BE,BE2,BE21,BE211
BE,BE2,BE21,BE212
BE,BE2,BE21,BE213
BE,BE2,BE22,BE221
BE,BE2,BE22,BE222
BE,BE2,BE22,BE223
BE,BE2,BE23,BE231
BE,BE2,BE23,BE232
BE,BE2,BE23,BE233
BE,BE2,BE23,BE234
BE,BE2,BE23,BE235
BE,BE2,BE23,BE236
BE,BE2,BE24,BE241
BE,BE2,BE24,BE242
BE,BE2,BE25,BE251
BE,BE2,BE25,BE252
BE,BE2,BE25,BE253
BE,BE2,BE25,BE254
BE,BE2,BE25,BE255
BE,BE2,BE25,BE256
BE,BE2,BE25,BE257
BE,BE2,BE25,BE258
BE,BE3,BE31,BE310
BE,BE3,BE32,BE321
BE,BE3,BE32,BE322
BE,BE3,BE32,BE323
BE,BE3,BE32,BE324
BE,BE3,BE32,BE325
BE,BE3,BE32,BE326
BE,BE3,BE32,BE327
BE,BE3,BE33,BE331
BE,BE3,BE33,BE332
BE,BE3,BE33,BE334
BE,BE3,BE33,BE335
BE,BE3,BE33,BE336
BE,BE3,BE34,BE341
BE,BE3,BE34,BE342
BE,BE3,BE34,BE343
BE,BE3,BE34,BE344
BE,BE3,BE34,BE345
BE,BE3,BE35,BE351
BE,BE3,BE35,BE352
BE,BE3,BE35,BE353
CH,CH0,CH01,CH011
CH,CH0,CH01,CH012
CH,CH0,CH01,CH013
CH,CH0,CH02,CH021
CH,CH0,CH02,CH022
CH,CH0,CH02,CH023
CH,CH0,CH02,CH024
CH,CH0,CH02,CH025
CH,CH0,CH03,CH031
CH,CH0,CH03,CH032
CH,CH0,CH03,CH033
CH,CH0,CH04,CH040
CH,CH0,CH05,CH051
CH,CH0,CH05,CH052
CH,CH0,CH05,CH053
CH,CH0,CH05,CH054
CH,CH0,CH05,CH055
CH,CH0,CH05,CH056
CH,CH0,CH05,CH057
CH,CH0,CH06,CH061
CH,CH0,CH06,CH062
CH,CH0,CH06,CH063
CH,CH0,CH06,CH064
CH,CH0,CH06,CH065
CH,CH0,CH06,CH066
CH,CH0,CH07,CH070
CZ,CZ0,CZ01,CZ010
CZ,CZ0,CZ02,CZ020
CZ,CZ0,CZ03,CZ031
CZ,CZ0,CZ03,CZ032
CZ,CZ0,CZ04,CZ041
CZ,CZ0,CZ04,CZ042
CZ,CZ0,CZ05,CZ051
CZ,CZ0,CZ05,CZ052
CZ,CZ0,CZ05,CZ053
CZ,CZ0,CZ06,CZ063
CZ,CZ0,CZ06,CZ064
CZ,CZ0,CZ07,CZ071
CZ,CZ0,CZ07,CZ072
CZ,CZ0,CZ08,CZ080
DE,DE1,DE11,DE111
DE,DE1,DE11,DE112
DE,DE1,DE11,DE113
DE,DE1,DE11,DE114
DE,DE1,DE11,DE115
DE,DE1,DE11,DE116
DE,DE1,DE11,DE117
DE,DE1,DE11,DE118
DE,DE1,DE11,DE119
DE,DE1,DE11,DE11A
DE,DE1,DE11,DE11B
DE,DE1,DE11,DE11C
DE,DE1,DE11,DE11D
DE,DE1,DE12,DE121
DE,DE1,DE12,DE122
DE,DE1,DE12,DE123
DE,DE1,DE12,DE124
DE,DE1,DE12,DE125
DE,DE1,DE12,DE126
DE,DE1,DE12,DE127
DE,DE1,DE12,DE128
DE,DE1,DE12,DE129
DE,DE1,DE12,DE12A
DE,DE1,DE12,DE12B
DE,DE1,DE12,DE12C
DE,DE1,DE13,DE131
DE,DE1,DE13,DE132
DE,DE1,DE13,DE133
DE,DE1,DE13,DE134
DE,DE1,DE13,DE135
DE,DE1,DE13,DE136
DE,DE1,DE13,DE137
DE,DE1,DE13,DE138
DE,DE1,DE13,DE139
DE,DE1,DE13,DE13A
DE,DE1,DE14,DE141
DE,DE1,DE14,DE142
DE,DE1,DE14,DE143
DE,DE1,DE14,DE144
DE,DE1,DE14,DE145
DE,DE1,DE14,DE146
DE,DE1,DE14,DE147
DE,DE1,DE14,DE148
DE,DE1,DE14,DE149
DE,DE2,DE21,DE211
DE,DE2,DE21,DE212
DE,DE2,DE21,DE213
DE,DE2,DE21,DE214
DE,DE2,DE21,DE215
DE,DE2,DE21,DE216
DE,DE2,DE21,DE217
DE,DE2,DE21,DE218
DE,DE2,DE21,DE219
DE,DE2,DE21,DE21A
DE,DE2,DE21,DE21B
DE,DE2,DE21,DE21C
DE,DE2,DE21,DE21D
DE,DE2,DE21,DE21E
DE,DE2,DE21,DE21F
DE,DE2,DE21,DE21G
DE,DE2,DE21,DE21H
DE,DE2,DE21,DE21I
DE,DE2,DE21,DE21J
DE,DE2,DE21,DE21K
DE,DE2,DE21,DE21L
DE,DE2,DE21,DE21M
DE,DE2,DE21,DE21N
DE,DE2,DE22,DE221
DE,DE2,DE22,DE222
DE,DE2,DE22,DE223
DE,DE2,DE22,DE224
DE,DE2,DE22,DE225
DE,DE2,DE22,DE226
DE,DE2,DE22,DE227
DE,DE2,DE22,DE228
DE,DE2,DE22,DE229
DE,DE2,DE22,DE22A
DE,DE2,DE22,DE22B
DE,DE2,DE22,DE22C
DE,DE2,DE23,DE231
DE,DE2,DE23,DE232
DE,DE2,DE23,DE233
DE,DE2,DE23,DE234
DE,DE2,DE23,DE235
DE,DE2,DE23,DE236
DE,DE2,DE23,DE237
DE,DE2,DE23,DE238
DE,DE2,DE23,DE239
DE,DE2,DE23,DE23A
DE,DE2,DE24,DE241
DE,DE2,DE24,DE242
DE,DE2,DE24,DE243
DE,DE2,DE24,DE244
DE,DE2,DE24,DE245
DE,DE2,DE24,DE246
DE,DE2,DE24,DE247
DE,DE2,DE24,DE248
DE,DE2,DE24,DE249
DE,DE2,DE24,DE24A
DE,DE2,DE24,DE24B
DE,DE2,DE24,DE24C
DE,DE2,DE24,DE24D
DE,DE2,DE25,DE251
DE,DE2,DE25,DE252
DE,DE2,DE25,DE253
DE,DE2,DE25,DE254
DE,DE2,DE25,DE255
DE,DE2,DE25,DE256
DE,DE2,DE25,DE257
DE,DE2,DE25,DE258
DE,DE2,DE25,DE259
DE,DE2,DE25,DE25A
DE,DE2,DE25,DE25B
DE,DE2,DE25,DE25C
DE,DE2,DE26,DE261
DE,DE2,DE26,DE262
DE,DE2,DE26,DE263
DE,DE2,DE26,DE264
DE,DE2,DE26,DE265
DE,DE2,DE26,DE266
DE,DE2,DE26,DE267
DE,DE2,DE26,DE268
DE,DE2,DE26,DE269
DE,DE2,DE26,DE26A
DE,DE2,DE26,DE26B
DE,DE2,DE26,DE26C
DE,DE2,DE27,DE271
DE,DE2,DE27,DE272
DE,DE2,DE27,DE273
DE,DE2,DE27,DE274
DE,DE2,DE27,DE275
DE,DE2,DE27,DE276
DE,DE2,DE27,DE277
DE,DE2,DE27,DE278
DE,DE2,DE27,DE279
DE,DE2,DE27,DE27A
DE,DE2,DE27,DE27B
DE,DE2,DE27,DE27C
DE,DE2,DE27,DE27D
DE,DE2,DE27,DE27E
DE,DE3,DE30,DE300
DE,DE4,DE40,DE401
DE,DE4,DE40,DE402
DE,DE4,DE40,DE403
DE,DE4,DE40,DE404
DE,DE4,DE40,DE405
DE,DE4,DE40,DE406
DE,DE4,DE40,DE407
DE,DE4,DE40,DE408
DE,DE4,DE40,DE409
DE,DE4,DE40,DE40A
DE,DE4,DE40,DE40B
DE,DE4,DE40,DE40C
DE,DE4,DE40,DE40D
DE,DE4,DE40,DE40E
DE,DE4,DE40,DE40F
DE,DE4,DE40,DE40G
DE,DE4,DE40,DE40H
DE,DE4,DE40,DE40I
DE,DE5,DE50,DE501
DE,DE5,DE50,DE502
DE,DE6,DE60,DE600
DE,DE7,DE71,DE711
DE,DE7,DE71,DE712
DE,DE7,DE71,DE713
DE,DE7,DE71,DE714
DE,DE7,DE71,DE715
DE,DE7,DE71,DE716
DE,DE7,DE71,DE717
DE,DE7,DE71,DE718
DE,DE7,DE71,DE719
DE,DE7,DE71,DE71A
DE,DE7,DE71,DE71B
DE,DE7,DE71,DE71C
DE,DE7,DE71,DE71D
DE,DE7,DE71,DE71E
DE,DE7,DE72,DE721
DE,DE7,DE72,DE722
DE,DE7,DE72,DE723
DE,DE7,DE72,DE724
DE,DE7,DE72,DE725
DE,DE7,DE73,DE731
DE,DE7,DE73,DE732
DE,DE7,DE73,DE733
DE,DE7,DE73,DE734
DE,DE7,DE73,DE735
DE,DE7,DE73,DE736
DE,DE7,DE73,DE737
DE,DE8,DE80,DE801
DE,DE8,DE80,DE802
DE,DE8,DE80,DE803
DE,DE8,DE80,DE804
DE,DE8,DE80,DE805
DE,DE8,DE80,DE806
DE,DE8,DE80,DE807
DE,DE8,DE80,DE808
DE,DE8,DE80,DE809
DE,DE8,DE80,DE80A
DE,DE8,DE80,DE80B
DE,DE8,DE80,DE80C
DE,DE8,DE80,DE80D
DE,DE8,DE80,DE80E
DE,DE8,DE80,DE80F
DE,DE8,DE80,DE80G
DE,DE8,DE80,DE80H
DE,DE8,DE80,DE80I
DE,DE8,DE80,DE80J
DE,DE8,DE80,DE80K
DE,DE8,DE80,DE80L
DE,DE8,DE80,DE80M
DE,DE8,DE80,DE80N
DE,DE8,DE80,DE80O
DE,DE9,DE91,DE911
DE,DE9,DE91,DE912
DE,DE9,DE91,DE913
DE,DE9,DE91,DE914
DE,DE9,DE91,DE915
DE,DE9,DE91,DE916
DE,DE9,DE91,DE917
DE,DE9,DE91,DE918
DE,DE9,DE91,DE919
DE,DE9,DE91,DE91A
DE,DE9,DE91,DE91B
DE,DE9,DE91,DE91C
DE,DE9,DE92,DE922
DE,DE9,DE92,DE923
DE,DE9,DE92,DE925
DE,DE9,DE92,DE926
DE,DE9,DE92,DE927
DE,DE9,DE92,DE928
DE,DE9,DE92,DE929
DE,DE9,DE93,DE931
DE,DE9,DE93,DE932
DE,DE9,DE93,DE933
DE,DE9,DE93,DE934
DE,DE9,DE93,DE935
DE,DE9,DE93,DE936
DE,DE9,DE93,DE937
DE,DE9,DE93,DE938
DE,DE9,DE93,DE939
DE,DE9,DE93,DE93A
DE,DE9,DE93,DE93B
DE,DE9,DE94,DE941
DE,DE9,DE94,DE942
DE,DE9,DE94,DE943
DE,DE9,DE94,DE944
DE,DE9,DE94,DE945
DE,DE9,DE94,DE946
DE,DE9,DE94,DE947
DE,DE9,DE94,DE948
DE,DE9,DE94,DE949
DE,DE9,DE94,DE94A
DE,DE9,DE94,DE94B
DE,DE9,DE94,DE94C
DE,DE9,DE94,DE94D
DE,DE9,DE94,DE94E
DE,DE9,DE94,DE94F
DE,DE9,DE94,DE94G
DE,DE9,DE94,DE94H
DE,DEA,DEA1,DEA11
DE,DEA,DEA1,DEA12
DE,DEA,DEA1,DEA13
DE,DEA,DEA1,DEA14
DE,DEA,DEA1,DEA15
DE,DEA,DEA1,DEA16
DE,DEA,DEA1,DEA17
DE,DEA,DEA1,DEA18
DE,DEA,DEA1,DEA19
DE,DEA,DEA1,DEA1A
DE,DEA,DEA1,DEA1B
DE,DEA,DEA1,DEA1C
DE,DEA,DEA1,DEA1D
DE,DEA,DEA1,DEA1E
DE,DEA,DEA1,DEA1F
DE,DEA,DEA2,DEA22
DE,DEA,DEA2,DEA23
DE,DEA,DEA2,DEA24
DE,DEA,DEA2,DEA26
DE,DEA,DEA2,DEA27
DE,DEA,DEA2,DEA28
DE,DEA,DEA2,DEA29
DE,DEA,DEA2,DEA2A
DE,DEA,DEA2,DEA2B
DE,DEA,DEA2,DEA2C
DE,DEA,DEA2,DEA2D
DE,DEA,DEA3,DEA31
DE,DEA,DEA3,DEA32
DE,DEA,DEA3,DEA33
DE,DEA,DEA3,DEA34
DE,DEA,DEA3,DEA35
DE,DEA,DEA3,DEA36
DE,DEA,DEA3,DEA37
DE,DEA,DEA3,DEA38
DE,DEA,DEA4,DEA41
DE,DEA,DEA4,DEA42
DE,DEA,DEA4,DEA43
DE,DEA,DEA4,DEA44
DE,DEA,DEA4,DEA45
DE,DEA,DEA4,DEA46
DE,DEA,DEA4,DEA47
DE,DEA,DEA5,DEA51
DE,DEA,DEA5,DEA52
DE,DEA,DEA5,DEA53
DE,DEA,DEA5,DEA54
DE,DEA,DEA5,DEA55
DE,DEA,DEA5,DEA56
DE,DEA,DEA5,DEA57
DE,DEA,DEA5,DEA58
DE,DEA,DEA5,DEA59
DE,DEA,DEA5,DEA5A
DE,DEA,DEA5,DEA5B
DE,DEA,DEA5,DEA5C
DE,DEB,DEB1,DEB11
DE,DEB,DEB1,DEB12
DE,DEB,DEB1,DEB13
DE,DEB,DEB1,DEB14
DE,DEB,DEB1,DEB15
DE,DEB,DEB1,DEB16
DE,DEB,DEB1,DEB17
DE,DEB,DEB1,DEB18
DE,DEB,DEB1,DEB19
DE,DEB,DEB1,DEB1A
DE,DEB,DEB1,DEB1B
DE,DEB,DEB1,DEB1C
DE,DEB,DEB1,DEB1D
DE,DEB,DEB2,DEB21
DE,DEB,DEB2,DEB22
DE,DEB,DEB2,DEB23
DE,DEB,DEB2,DEB24
DE,DEB,DEB2,DEB25
DE,DEB,DEB3,DEB31
DE,DEB,DEB3,DEB32
DE,DEB,DEB3,DEB33
DE,DEB,DEB3,DEB34
DE,DEB,DEB3,DEB35
DE,DEB,DEB3,DEB36
DE,DEB,DEB3,DEB37
DE,DEB,DEB3,DEB38
DE,DEB,DEB3,DEB39
DE,DEB,DEB3,DEB3A
DE,DEB,DEB3,DEB3B
DE,DEB,DEB3,DEB3C
DE,DEB,DEB3,DEB3D
DE,DEB,DEB3,DEB3E
DE,DEB,DEB3,DEB3F
DE,DEB,DEB3,DEB3G
DE,DEB,DEB3,DEB3H
DE,DEB,DEB3,DEB3I
DE,DEB,DEB3,DEB3J
DE,DEB,DEB3,DEB3K
DE,DEC,DEC0,DEC01
DE,DEC,DEC0,DEC02
DE,DEC,DEC0,DEC03
DE,DEC,DEC0,DEC04
DE,DEC,DEC0,DEC05
DE,DEC,DEC0,DEC06
DE,DED,DED2,DED21
DE,DED,DED2,DED2C
DE,DED,DED2,DED2D
DE,DED,DED2,DED2E
DE,DED,DED2,DED2F
DE,DED,DED4,DED41
DE,DED,DED4,DED42
DE,DED,DED4,DED43
DE,DED,DED4,DED44
DE,DED,DED4,DED45
DE,DED,DED5,DED51
DE,DED,DED5,DED52
DE,DED,DED5,DED53
DE,DEE,DEE0,DEE01
DE,DEE,DEE0,DEE02
DE,DEE,DEE0,DEE03
DE,DEE,DEE0,DEE04
DE,DEE,DEE0,DEE05
DE,DEE,DEE0,DEE06
DE,DEE,DEE0,DEE07
DE,DEE,DEE0,DEE08
DE,DEE,DEE0,DEE09
DE,DEE,DEE0,DEE0A
DE,DEE,DEE0,DEE0B
DE,DEE,DEE0,DEE0C
DE,DEE,DEE0,DEE0D
DE,DEE,DEE0,DEE0E
DE,DEF,DEF0,DEF01
DE,DEF,DEF0,DEF02
DE,DEF,DEF0,DEF03
DE,DEF,DEF0,DEF04
DE,DEF,DEF0,DEF05
DE,DEF,DEF0,DEF06
DE,DEF,DEF0,DEF07
DE,DEF,DEF0,DEF08
DE,DEF,DEF0,DEF09
DE,DEF,DEF0,DEF0A
DE,DEF,DEF0,DEF0B
DE,DEF,DEF0,DEF0C
DE,DEF,DEF0,DEF0D
DE,DEF,DEF0,DEF0E
DE,DEF,DEF0,DEF0F
DE,DEG,DEG0,DEG01
DE,DEG,DEG0,DEG02
DE,DEG,DEG0,DEG03
DE,DEG,DEG0,DEG04
DE,DEG,DEG0,DEG05
DE,DEG,DEG0,DEG06
DE,DEG,DEG0,DEG07
DE,DEG,DEG0,DEG09
DE,DEG,DEG0,DEG0A
DE,DEG,DEG0,DEG0B
DE,DEG,DEG0,DEG0C
DE,DEG,DEG0,DEG0D
DE,DEG,DEG0,DEG0E
DE,DEG,DEG0,DEG0F
DE,DEG,DEG0,DEG0G
DE,DEG,DEG0,DEG0H
DE,DEG,DEG0,DEG0I
DE,DEG,DEG0,DEG0J
DE,DEG,DEG0,DEG0K
DE,DEG,DEG0,DEG0L
DE,DEG,DEG0,DEG0M
DE,DEG,DEG0,DEG0N
DE,DEG,DEG0,DEG0P
EE,EE0,EE00,EE001
EE,EE0,EE00,EE004
EE,EE0,EE00,EE006
EE,EE0,EE00,EE007
EE,EE0,EE00,EE008
ES,ES1,ES11,ES111
ES,ES1,ES11,ES112
ES,ES1,ES11,ES113
ES,ES1,ES11,ES114
ES,ES1,ES12,ES120
ES,ES1,ES13,ES130
ES,ES2,ES21,ES211
ES,ES2,ES21,ES212
ES,ES2,ES21,ES213
ES,ES2,ES22,ES220
ES,ES2,ES23,ES230
ES,ES2,ES24,ES241
ES,ES2,ES24,ES242
ES,ES2,ES24,ES243
ES,ES3,ES30,ES300
ES,ES4,ES41,ES411
ES,ES4,ES41,ES412
ES,ES4,ES41,ES413
ES,ES4,ES41,ES414
ES,ES4,ES41,ES415
ES,ES4,ES41,ES416
ES,ES4,ES41,ES417
ES,ES4,ES41,ES418
ES,ES4,ES41,ES419
ES,ES4,ES42,ES421
ES,ES4,ES42,ES422
ES,ES4,ES42,ES423
ES,ES4,ES42,ES424
ES,ES4,ES42,ES425
ES,ES4,ES43,ES431
ES,ES4,ES43,ES432
ES,ES5,ES51,ES511
ES,ES5,ES51,ES512
ES,ES5,ES51,ES513
ES,ES5,ES51,ES514
ES,ES5,ES52,ES521
ES,ES5,ES52,ES522
ES,ES5,ES52,ES523
ES,ES5,ES53,ES531
ES,ES5,ES53,ES532
ES,ES5,ES53,ES533
ES,ES6,ES61,ES611
ES,ES6,ES61,ES612
ES,ES6,ES61,ES613
ES,ES6,ES61,ES614
ES,ES6,ES61,ES615
ES,ES6,ES61,ES616
ES,ES6,ES61,ES617
ES,ES6,ES61,ES618
ES,ES6,ES62,ES620
ES,ES6,ES63,ES630
ES,ES6,ES64,ES640
ES,ES7,ES70,ES703
ES,ES7,ES70,ES704
ES,ES7,ES70,ES705
ES,ES7,ES70,ES706
ES,ES7,ES70,ES707
ES,ES7,ES70,ES708
ES,ES7,ES70,ES709
FI,FI1,FI19,FI193
FI,FI1,FI19,FI194
FI,FI1,FI19,FI195
FI,FI1,FI19,FI196
FI,FI1,FI19,FI197
FI,FI1,FI1B,FI1B1
FI,FI1,FI1C,FI1C1
FI,FI1,FI1C,FI1C2
FI,FI1,FI1C,FI1C3
FI,FI1,FI1C,FI1C4
FI,FI1,FI1C,FI1C5
FI,FI1,FI1D,FI1D1
FI,FI1,FI1D,FI1D2
FI,FI1,FI1D,FI1D3
FI,FI1,FI1D,FI1D4
FI,FI1,FI1D,FI1D5
FI,FI1,FI1D,FI1D6
FI,FI1,FI1D,FI1D7
FI,FI1,FI1D,FI1D8
FI,FI1,FI1D,FI1D9
FI,FI2,FI20,FI200
FR,FR1,FR10,FR101
FR,FR1,FR10,FR102
FR,FR1,FR10,FR103
FR,FR1,FR10,FR104
FR,FR1,FR10,FR105
FR,FR1,FR10,FR106
FR,FR1,FR10,FR107
FR,FR1,FR10,FR108
FR,FRB,FRB0,FRB01
FR,FRB,FRB0,FRB02
FR,FRB,FRB0,FRB03
FR,FRB,FRB0,FRB04
FR,FRB,FRB0,FRB05
FR,FRB,FRB0,FRB06
FR,FRC,FRC1,FRC11
FR,FRC,FRC1,FRC12
FR,FRC,FRC1,FRC13
FR,FRC,FRC1,FRC14
FR,FRC,FRC2,FRC21
FR,FRC,FRC2,FRC22
FR,FRC,FRC2,FRC23
FR,FRC,FRC2,FRC24
FR,FRD,FRD1,FRD11
FR,FRD,FRD1,FRD12
FR,FRD,FRD1,FRD13
FR,FRD,FRD2,FRD21
FR,FRD,FRD2,FRD22
FR,FRE,FRE1,FRE11
FR,FRE,FRE1,FRE12
FR,FRE,FRE2,FRE21
FR,FRE,FRE2,FRE22
FR,FRE,FRE2,FRE23
FR,FRF,FRF1,FRF11
FR,FRF,FRF1,FRF12
FR,FRF,FRF2,FRF21
FR,FRF,FRF2,FRF22
FR,FRF,FRF2,FRF23
FR,FRF,FRF2,FRF24
FR,FRF,FRF3,FRF31
FR,FRF,FRF3,FRF32
FR,FRF,FRF3,FRF33
FR,FRF,FRF3,FRF34
FR,FRG,FRG0,FRG01
FR,FRG,FRG0,FRG02
FR,FRG,FRG0,FRG03
FR,FRG,FRG0,FRG04
FR,FRG,FRG0,FRG05
FR,FRH,FRH0,FRH01
FR,FRH,FRH0,FRH02
FR,FRH,FRH0,FRH03
FR,FRH,FRH0,FRH04
FR,FRI,FRI1,FRI11
FR,FRI,FRI1,FRI12
FR,FRI,FRI1,FRI13
FR,FRI,FRI1,FRI14
FR,FRI,FRI1,FRI15
FR,FRI,FRI2,FRI21
FR,FRI,FRI2,FRI22
FR,FRI,FRI2,FRI23
FR,FRI,FRI3,FRI31
FR,FRI,FRI3,FRI32
FR,FRI,FRI3,FRI33
FR,FRI,FRI3,FRI34
FR,FRJ,FRJ1,FRJ11
FR,FRJ,FRJ1,FRJ12
FR,FRJ,FRJ1,FRJ13
FR,FRJ,FRJ1,FRJ14
FR,FRJ,FRJ1,FRJ15
FR,FRJ,FRJ2,FRJ21
FR,FRJ,FRJ2,FRJ22
FR,FRJ,FRJ2,FRJ23
FR,FRJ,FRJ2,FRJ24
FR,FRJ,FRJ2,FRJ25
FR,FRJ,FRJ2,FRJ26
FR,FRJ,FRJ2,FRJ27
FR,FRJ,FRJ2,FRJ28
FR,FRK,FRK1,FRK11
FR,FRK,FRK1,FRK12
FR,FRK,FRK1,FRK13
FR,FRK,FRK1,FRK14
FR,FRK,FRK2,FRK21
FR,FRK,FRK2,FRK22
FR,FRK,FRK2,FRK23
FR,FRK,FRK2,FRK24
FR,FRK,FRK2,FRK25
FR,FRK,FRK2,FRK26
FR,FRK,FRK2,FRK27
FR,FRK,FRK2,FRK28
FR,FRL,FRL0,FRL01
FR,FRL,FRL0,FRL02
FR,FRL,FRL0,FRL03
FR,FRL,FRL0,FRL04
FR,FRL,FRL0,FRL05
FR,FRL,FRL0,FRL06
FR,FRM,FRM0,FRM01
FR,FRM,FRM0,FRM02
FR,FRY,FRY1,FRY10
FR,FRY,FRY2,FRY20
FR,FRY,FRY3,FRY30
FR,FRY,FRY4,FRY40
FR,FRY,FRY5,FRY50
GB,UKC,UKC1,UKC11
GB,UKC,UKC1,UKC12
GB,UKC,UKC1,UKC13
GB,UKC,UKC1,UKC14
GB,UKC,UKC2,UKC21
GB,UKC,UKC2,UKC22
GB,UKC,UKC2,UKC23
GB,UKD,UKD1,UKD11
GB,UKD,UKD1,UKD12
GB,UKD,UKD3,UKD33
GB,UKD,UKD3,UKD34
GB,UKD,UKD3,UKD35
GB,UKD,UKD3,UKD36
GB,UKD,UKD3,UKD37
GB,UKD,UKD4,UKD41
GB,UKD,UKD4,UKD42
GB,UKD,UKD4,UKD44
GB,UKD,UKD4,UKD45
GB,UKD,UKD4,UKD46
GB,UKD,UKD4,UKD47
GB,UKD,UKD6,UKD61
GB,UKD,UKD6,UKD62
GB,UKD,UKD6,UKD63
GB,UKD,UKD7,UKD71
GB,UKD,UKD7,UKD72
GB,UKD,UKD7,UKD73
GB,UKD,UKD7,UKD74
GB,UKE,UKE1,UKE11
GB,UKE,UKE1,UKE12
GB,UKE,UKE1,UKE13
GB,UKE,UKE2,UKE21
GB,UKE,UKE2,UKE22
GB,UKE,UKE3,UKE31
GB,UKE,UKE3,UKE32
GB,UKE,UKE4,UKE41
GB,UKE,UKE4,UKE42
GB,UKE,UKE4,UKE44
GB,UKE,UKE4,UKE45
GB,UKF,UKF1,UKF11
GB,UKF,UKF1,UKF12
GB,UKF,UKF1,UKF13
GB,UKF,UKF1,UKF14
GB,UKF,UKF1,UKF15
GB,UKF,UKF1,UKF16
GB,UKF,UKF2,UKF21
GB,UKF,UKF2,UKF22
GB,UKF,UKF2,UKF24
GB,UKF,UKF2,UKF25
GB,UKF,UKF3,UKF30
GB,UKG,UKG1,UKG11
GB,UKG,UKG1,UKG12
GB,UKG,UKG1,UKG13
GB,UKG,UKG2,UKG21
GB,UKG,UKG2,UKG22
GB,UKG,UKG2,UKG23
GB,UKG,UKG2,UKG24
GB,UKG,UKG3,UKG31
GB,UKG,UKG3,UKG32
GB,UKG,UKG3,UKG33
GB,UKG,UKG3,UKG36
GB,UKG,UKG3,UKG37
GB,UKG,UKG3,UKG38
GB,UKG,UKG3,UKG39
GB,UKH,UKH1,UKH11
GB,UKH,UKH1,UKH12
GB,UKH,UKH1,UKH14
GB,UKH,UKH1,UKH15
GB,UKH,UKH1,UKH16
GB,UKH,UKH1,UKH17
GB,UKH,UKH2,UKH21
GB,UKH,UKH2,UKH23
GB,UKH,UKH2,UKH24
GB,UKH,UKH2,UKH25
GB,UKH,UKH3,UKH31
GB,UKH,UKH3,UKH32
GB,UKH,UKH3,UKH34
GB,UKH,UKH3,UKH35
GB,UKH,UKH3,UKH36
GB,UKH,UKH3,UKH37
GB,UKI,UKI3,UKI31
GB,UKI,UKI3,UKI32
GB,UKI,UKI3,UKI33
GB,UKI,UKI3,UKI34
GB,UKI,UKI4,UKI41
GB,UKI,UKI4,UKI42
GB,UKI,UKI4,UKI43
GB,UKI,UKI4,UKI44
GB,UKI,UKI4,UKI45
GB,UKI,UKI5,UKI51
GB,UKI,UKI5,UKI52
GB,UKI,UKI5,UKI53
GB,UKI,UKI5,UKI54
GB,UKI,UKI6,UKI61
GB,UKI,UKI6,UKI62
GB,UKI,UKI6,UKI63
GB,UKI,UKI7,UKI71
GB,UKI,UKI7,UKI72
GB,UKI,UKI7,UKI73
GB,UKI,UKI7,UKI74
GB,UKI,UKI7,UKI75
GB,UKJ,UKJ1,UKJ11
GB,UKJ,UKJ1,UKJ12
GB,UKJ,UKJ1,UKJ13
GB,UKJ,UKJ1,UKJ14
GB,UKJ,UKJ2,UKJ21
GB,UKJ,UKJ2,UKJ22
GB,UKJ,UKJ2,UKJ25
GB,UKJ,UKJ2,UKJ26
GB,UKJ,UKJ2,UKJ27
GB,UKJ,UKJ2,UKJ28
GB,UKJ,UKJ3,UKJ31
GB,UKJ,UKJ3,UKJ32
GB,UKJ,UKJ3,UKJ34
GB,UKJ,UKJ3,UKJ35
GB,UKJ,UKJ3,UKJ36
GB,UKJ,UKJ3,UKJ37
GB,UKJ,UKJ4,UKJ41
GB,UKJ,UKJ4,UKJ43
GB,UKJ,UKJ4,UKJ44
GB,UKJ,UKJ4,UKJ45
GB,UKJ,UKJ4,UKJ46
GB,UKK,UKK1,UKK11
GB,UKK,UKK1,UKK12
GB,UKK,UKK1,UKK13
GB,UKK,UKK1,UKK14
GB,UKK,UKK1,UKK15
GB,UKK,UKK2,UKK21
GB,UKK,UKK2,UKK22
GB,UKK,UKK2,UKK23
GB,UKK,UKK3,UKK30
GB,UKK,UKK4,UKK41
GB,UKK,UKK4,UKK42
GB,UKK,UKK4,UKK43
GB,UKL,UKL1,UKL11
GB,UKL,UKL1,UKL12
GB,UKL,UKL1,UKL13
GB,UKL,UKL1,UKL14
GB,UKL,UKL1,UKL15
GB,UKL,UKL1,UKL16
GB,UKL,UKL1,UKL17
GB,UKL,UKL1,UKL18
GB,UKL,UKL2,UKL21
GB,UKL,UKL2,UKL22
GB,UKL,UKL2,UKL23
GB,UKL,UKL2,UKL24
GB,UKM,UKM2,UKM21
GB,UKM,UKM2,UKM22
GB,UKM,UKM2,UKM23
GB,UKM,UKM2,UKM24
GB,UKM,UKM2,UKM25
GB,UKM,UKM2,UKM26
GB,UKM,UKM2,UKM27
GB,UKM,UKM2,UKM28
GB,UKM,UKM3,UKM31
GB,UKM,UKM3,UKM32
GB,UKM,UKM3,UKM33
GB,UKM,UKM3,UKM34
GB,UKM,UKM3,UKM35
GB,UKM,UKM3,UKM36
GB,UKM,UKM3,UKM37
GB,UKM,UKM3,UKM38
GB,UKM,UKM5,UKM50
GB,UKM,UKM6,UKM61
GB,UKM,UKM6,UKM62
GB,UKM,UKM6,UKM63
GB,UKM,UKM6,UKM64
GB,UKM,UKM6,UKM65
GB,UKM,UKM6,UKM66
GB,UKM,UKM7,UKM71
GB,UKM,UKM7,UKM72
GB,UKM,UKM7,UKM73
GB,UKM,UKM7,UKM75
GB,UKM,UKM7,UKM76
GB,UKM,UKM7,UKM77
GB,UKM,UKM7,UKM78
GB,UKM,UKM8,UKM81
GB,UKM,UKM8,UKM82
GB,UKM,UKM8,UKM83
GB,UKM,UKM8,UKM84
GB,UKM,UKM9,UKM91
GB,UKM,UKM9,UKM92
GB,UKM,UKM9,UKM93
GB,UKM,UKM9,UKM94
GB,UKM,UKM9,UKM95
GB,UKN,UKN0,UKN01
GB,UKN,UKN0,UKN02
GB,UKN,UKN0,UKN03
GB,UKN,UKN0,UKN04
GB,UKN,UKN0,UKN05
GB,UKN,UKN0,UKN06
GB,UKN,UKN0,UKN07
GB,UKN,UKN0,UKN08
GB,UKN,UKN0,UKN09
GB,UKN,UKN1,UKN10
GB,UKN,UKN1,UKN11
GB,UKN,UKN1,UKN12
GB,UKN,UKN1,UKN13
GB,UKN,UKN1,UKN14
GB,UKN,UKN1,UKN15
GB,UKN,UKN1,UKN16
HU,HU1,HU10,HU101
HU,HU1,HU10,HU102
HU,HU2,HU21,HU211
HU,HU2,HU21,HU212
HU,HU2,HU21,HU213
HU,HU2,HU22,HU221
HU,HU2,HU22,HU222
HU,HU2,HU22,HU223
HU,HU2,HU23,HU231
HU,HU2,HU23,HU232
HU,HU2,HU23,HU233
HU,HU3,HU31,HU311
HU,HU3,HU31,HU312
HU,HU3,HU31,HU313
HU,HU3,HU32,HU321
HU,HU3,HU32,HU322
HU,HU3,HU32,HU323
HU,HU3,HU33,HU331
HU,HU3,HU33,HU332
HU,HU3,HU33,HU333
IE,IE0,IE01,IE011
IE,IE0,IE01,IE012
IE,IE0,IE01,IE013
IE,IE0,IE02,IE021
IE,IE0,IE02,IE022
IE,IE0,IE02,IE023
IE,IE0,IE02,IE024
IE,IE0,IE02,IE025
IS,IS0,IS00,IS001
IS,IS0,IS00,IS002
IT,ITC,ITC1,ITC11
IT,ITC,ITC1,ITC12
IT,ITC,ITC1,ITC13
IT,ITC,ITC1,ITC14
IT,ITC,ITC1,ITC15
IT,ITC,ITC1,ITC16
IT,ITC,ITC1,ITC17
IT,ITC,ITC1,ITC18
IT,ITC,ITC2,ITC20
IT,ITC,ITC3,ITC31
IT,ITC,ITC3,ITC32
IT,ITC,ITC3,ITC33
IT,ITC,ITC3,ITC34
IT,ITC,ITC4,ITC41
IT,ITC,ITC4,ITC42
IT,ITC,ITC4,ITC43
IT,ITC,ITC4,ITC44
IT,ITC,ITC4,ITC46
IT,ITC,ITC4,ITC47
IT,ITC,ITC4,ITC48
IT,ITC,ITC4,ITC49
IT,ITC,ITC4,ITC4A
IT,ITC,ITC4,ITC4B
IT,ITC,ITC4,ITC4C
IT,ITC,ITC4,ITC4D
IT,ITF,ITF1,ITF11
IT,ITF,ITF1,ITF12
IT,ITF,ITF1,ITF13
IT,ITF,ITF1,ITF14
IT,ITF,ITF2,ITF21
IT,ITF,ITF2,ITF22
IT,ITF,ITF3,ITF31
IT,ITF,ITF3,ITF32
IT,ITF,ITF3,ITF33
IT,ITF,ITF3,ITF34
IT,ITF,ITF3,ITF35
IT,ITF,ITF4,ITF43
IT,ITF,ITF4,ITF44
IT,ITF,ITF4,ITF45
IT,ITF,ITF4,ITF46
IT,ITF,ITF4,ITF47
IT,ITF,ITF4,ITF48
IT,ITF,ITF5,ITF51
IT,ITF,ITF5,ITF52
IT,ITF,ITF6,ITF61
IT,ITF,ITF6,ITF62
IT,ITF,ITF6,ITF63
IT,ITF,ITF6,ITF64
IT,ITF,ITF6,ITF65
IT,ITG,ITG1,ITG11
IT,ITG,ITG1,ITG12
IT,ITG,ITG1,ITG13
IT,ITG,ITG1,ITG14
IT,ITG,ITG1,ITG15
IT,ITG,ITG1,ITG16
IT,ITG,ITG1,ITG17
IT,ITG,ITG1,ITG18
IT,ITG,ITG1,ITG19
IT,ITG,ITG2,ITG25
IT,ITG,ITG2,ITG26
IT,ITG,ITG2,ITG27
IT,ITG,ITG2,ITG28
IT,ITG,ITG2,ITG29
IT,ITG,ITG2,ITG2A
IT,ITG,ITG2,ITG2B
IT,ITG,ITG2,ITG2C
IT,ITH,ITH1,ITH10
IT,ITH,ITH2,ITH20
IT,ITH,ITH3,ITH31
IT,ITH,ITH3,ITH32
IT,ITH,ITH3,ITH33
IT,ITH,ITH3,ITH34
IT,ITH,ITH3,ITH35
IT,ITH,ITH3,ITH36
IT,ITH,ITH3,ITH37
IT,ITH,ITH4,ITH41
IT,ITH,ITH4,ITH42
IT,ITH,ITH4,ITH43
IT,ITH,ITH4,ITH44
IT,ITH,ITH5,ITH51
IT,ITH,ITH5,ITH52
IT,ITH,ITH5,ITH53
IT,ITH,ITH5,ITH54
IT,ITH,ITH5,ITH55
IT,ITH,ITH5,ITH56
IT,ITH,ITH5,ITH57
IT,ITH,ITH5,ITH58
IT,ITH,ITH5,ITH59
IT,ITI,ITI1,ITI11
IT,ITI,ITI1,ITI12
IT,ITI,ITI1,ITI13
IT,ITI,ITI1,ITI14
IT,ITI,ITI1,ITI15
IT,ITI,ITI1,ITI16
IT,ITI,ITI1,ITI17
IT,ITI,ITI1,ITI18
IT,ITI,ITI1,ITI19
IT,ITI,ITI1,ITI1A
IT,ITI,ITI2,ITI21
IT,ITI,ITI2,ITI22
IT,ITI,ITI3,ITI31
IT,ITI,ITI3,ITI32
IT,ITI,ITI3,ITI33
IT,ITI,ITI3,ITI34
IT,ITI,ITI3,ITI35
IT,ITI,ITI4,ITI41
IT,ITI,ITI4,ITI42
IT,ITI,ITI4,ITI43
IT,ITI,ITI4,ITI44
IT,ITI,ITI4,ITI45
LT,LT0,LT00,LT001
LT,LT0,LT00,LT002
LT,LT0,LT00,LT003
LT,LT0,LT00,LT004
LT,LT0,LT00,LT005
LT,LT0,LT00,LT006
LT,LT0,LT00,LT007
LT,LT0,LT00,LT008
LT,LT0,LT00,LT009
LT,LT0,LT00,LT00A
NL,NL1,NL11,NL111
NL,NL1,NL11,NL112
NL,NL1,NL11,NL113
NL,NL1,NL12,NL121
NL,NL1,NL12,NL122
NL,NL1,NL12,NL123
NL,NL1,NL12,NL124
NL,NL1,NL12,NL125
NL,NL1,NL12,NL126
NL,NL1,NL13,NL131
NL,NL1,NL13,NL132
NL,NL1,NL13,NL133
NL,NL2,NL21,NL211
NL,NL2,NL21,NL212
NL,NL2,NL21,NL213
NL,NL2,NL22,NL221
NL,NL2,NL22,NL224
NL,NL2,NL22,NL225
NL,NL2,NL22,NL226
NL,NL2,NL23,NL230
NL,NL3,NL31,NL310
NL,NL3,NL32,NL321
NL,NL3,NL32,NL322
NL,NL3,NL32,NL323
NL,NL3,NL32,NL324
NL,NL3,NL32,NL325
NL,NL3,NL32,NL326
NL,NL3,NL32,NL327
NL,NL3,NL32,NL328
NL,NL3,NL32,NL329
NL,NL3,NL33,NL331
NL,NL3,NL33,NL332
NL,NL3,NL33,NL333
NL,NL3,NL33,NL334
NL,NL3,NL33,NL335
NL,NL3,NL33,NL336
NL,NL3,NL33,NL337
NL,NL3,NL33,NL338
NL,NL3,NL33,NL339
NL,NL3,NL33,NL33A
NL,NL3,NL33,NL33B
NL,NL3,NL33,NL33C
NL,NL3,NL34,NL341
NL,NL3,NL34,NL342
NL,NL4,NL41,NL411
NL,NL4,NL41,NL412
NL,NL4,NL41,NL413
NL,NL4,NL41,NL414
NL,NL4,NL42,NL421
NL,NL4,NL42,NL422
NL,NL4,NL42,NL423
NO,NO0,NO01,NO011
NO,NO0,NO01,NO012
NO,NO0,NO02,NO021
NO,NO0,NO02,NO022
NO,NO0,NO03,NO031
NO,NO0,NO03,NO032
NO,NO0,NO03,NO033
NO,NO0,NO03,NO034
NO,NO0,NO04,NO041
NO,NO0,NO04,NO042
NO,NO0,NO04,NO043
NO,NO0,NO05,NO051
NO,NO0,NO05,NO052
NO,NO0,NO05,NO053
NO,NO0,NO06,NO060
NO,NO0,NO06,NO061
NO,NO0,NO06,NO062
NO,NO0,NO07,NO071
NO,NO0,NO07,NO072
NO,NO0,NO07,NO073
PL,PL1,PL11,PL113
PL,PL1,PL11,PL114
PL,PL1,PL11,PL115
PL,PL1,PL11,PL116
PL,PL1,PL11,PL117
PL,PL1,PL12,PL121
PL,PL1,PL12,PL122
PL,PL1,PL12,PL127
PL,PL1,PL12,PL128
PL,PL1,PL12,PL129
PL,PL1,PL12,PL12A
PL,PL1,PL12,PL12B
PL,PL1,PL12,PL12C
PL,PL1,PL12,PL12D
PL,PL1,PL12,PL12E
PL,PL2,PL21,PL213
PL,PL2,PL21,PL214
PL,PL2,PL21,PL215
PL,PL2,PL21,PL216
PL,PL2,PL21,PL217
PL,PL2,PL21,PL218
PL,PL2,PL21,PL219
PL,PL2,PL21,PL21A
PL,PL2,PL22,PL224
PL,PL2,PL22,PL225
PL,PL2,PL22,PL227
PL,PL2,PL22,PL228
PL,PL2,PL22,PL229
PL,PL2,PL22,PL22A
PL,PL2,PL22,PL22B
PL,PL2,PL22,PL22C
PL,PL3,PL31,PL311
PL,PL3,PL31,PL312
PL,PL3,PL31,PL314
PL,PL3,PL31,PL315
PL,PL3,PL32,PL323
PL,PL3,PL32,PL324
PL,PL3,PL32,PL325
PL,PL3,PL32,PL326
PL,PL3,PL33,PL331
PL,PL3,PL33,PL332
PL,PL3,PL34,PL343
PL,PL3,PL34,PL344
PL,PL3,PL34,PL345
PL,PL4,PL41,PL411
PL,PL4,PL41,PL414
PL,PL4,PL41,PL415
PL,PL4,PL41,PL416
PL,PL4,PL41,PL417
PL,PL4,PL41,PL418
PL,PL4,PL42,PL422
PL,PL4,PL42,PL423
PL,PL4,PL42,PL424
PL,PL4,PL42,PL425
PL,PL4,PL42,PL426
PL,PL4,PL42,PL427
PL,PL4,PL42,PL428
PL,PL4,PL43,PL431
PL,PL4,PL43,PL432
PL,PL5,PL51,PL514
PL,PL5,PL51,PL515
PL,PL5,PL51,PL516
PL,PL5,PL51,PL517
PL,PL5,PL51,PL518
PL,PL5,PL52,PL521
PL,PL5,PL52,PL522
PL,PL5,PL52,PL523
PL,PL5,PL52,PL524
PL,PL6,PL61,PL613
PL,PL6,PL61,PL614
PL,PL6,PL61,PL615
PL,PL6,PL61,PL616
PL,PL6,PL61,PL617
PL,PL6,PL61,PL618
PL,PL6,PL61,PL619
PL,PL6,PL62,PL621
PL,PL6,PL62,PL622
PL,PL6,PL62,PL623
PL,PL6,PL63,PL631
PL,PL6,PL63,PL633
PL,PL6,PL63,PL634
PL,PL6,PL63,PL635
PL,PL6,PL63,PL636
PL,PL6,PL63,PL637
PL,PL6,PL63,PL638
PT,PT1,PT11,PT111
PT,PT1,PT11,PT112
PT,PT1,PT11,PT113
PT,PT1,PT11,PT114
PT,PT1,PT11,PT115
PT,PT1,PT11,PT116
PT,PT1,PT11,PT117
PT,PT1,PT11,PT118
PT,PT1,PT11,PT119
PT,PT1,PT11,PT11A
PT,PT1,PT11,PT11B
PT,PT1,PT11,PT11C
PT,PT1,PT11,PT11D
PT,PT1,PT11,PT11E
PT,PT1,PT15,PT150
PT,PT1,PT16,PT161
PT,PT1,PT16,PT162
PT,PT1,PT16,PT163
PT,PT1,PT16,PT164
PT,PT1,PT16,PT165
PT,PT1,PT16,PT166
PT,PT1,PT16,PT167
PT,PT1,PT16,PT168
PT,PT1,PT16,PT169
PT,PT1,PT16,PT16A
PT,PT1,PT16,PT16B
PT,PT1,PT16,PT16C
PT,PT1,PT16,PT16D
PT,PT1,PT16,PT16E
PT,PT1,PT16,PT16F
PT,PT1,PT16,PT16G
PT,PT1,PT16,PT16H
PT,PT1,PT16,PT16I
PT,PT1,PT16,PT16J
PT,PT1,PT17,PT170
PT,PT1,PT17,PT171
PT,PT1,PT17,PT172
PT,PT1,PT18,PT181
PT,PT1,PT18,PT182
PT,PT1,PT18,PT183
PT,PT1,PT18,PT184
PT,PT1,PT18,PT185
PT,PT1,PT18,PT186
PT,PT1,PT18,PT187
PT,PT2,PT20,PT200
PT,PT3,PT30,PT300
SE,SE1,SE11,SE110
SE,SE1,SE12,SE121
SE,SE1,SE12,SE122
SE,SE1,SE12,SE123
SE,SE1,SE12,SE124
SE,SE1,SE12,SE125
SE,SE2,SE21,SE211
SE,SE2,SE21,SE212
SE,SE2,SE21,SE213
SE,SE2,SE21,SE214
SE,SE2,SE22,SE221
SE,SE2,SE22,SE224
SE,SE2,SE23,SE231
SE,SE2,SE23,SE232
SE,SE3,SE31,SE311
SE,SE3,SE31,SE312
SE,SE3,SE31,SE313
SE,SE3,SE32,SE321
SE,SE3,SE32,SE322
SE,SE3,SE33,SE331
SE,SE3,SE33,SE332
SI,SI0,SI01,SI011
SI,SI0,SI01,SI012
SI,SI0,SI01,SI013
SI,SI0,SI01,SI014
SI,SI0,SI01,SI015
SI,SI0,SI01,SI016
SI,SI0,SI01,SI017
SI,SI0,SI01,SI018
SI,SI0,SI02,SI021
SI,SI0,SI02,SI022
SI,SI0,SI02,SI023
SI,SI0,SI02,SI024
